Trade Date,Open (Rs.),High (Rs.),Low (Rs.),Close (Rs.),Trade Volume,Share Volume,Turnover (Rs.)
6/3/21,354.5,368,350,361.75,1085,684526,245877673.3
6/2/21,360,364.75,348,350.75,735,350540,123393693.5
6/1/21,361,371,353,358.75,2291,1725182,621934916.8
5/31/21,340,355,340,350,1132,834600,290322592.8
5/28/21,332.5,340.5,330,338.25,440,261243,87817500.5
5/25/21,328,335.5,322.25,331.5,446,221365,73261502.25
5/24/21,326,327.75,313.5,325,400,135015,43369257.5
5/21/21,338,338,310,321.75,654,338951,109212452.8
5/20/21,337,337,328,330.75,236,89356,29489963.5
5/19/21,340,340,330.25,335.75,278,102949,34352511.5
5/18/21,337.25,340,327,335,531,237496,79362630.75
5/17/21,329.25,342,329.25,340.25,985,558078,188494547.3
5/13/21,315.25,327.5,315.25,325.75,313,170660,55249512.5
5/12/21,318.5,325,317.25,320.25,115,50372,16153814
5/11/21,315.25,324.75,315.25,318.75,158,70256,22486091
5/10/21,330,330,316.25,318,380,149344,47702570.75
5/7/21,326,329.5,322.75,328.25,172,60686,19879621.25
5/6/21,324,330.5,319,321,397,164052,53426656
5/5/21,319,329,319,320,273,97473,31346407.25
5/4/21,339.25,339.75,317,319,819,344887,111687695.3
5/3/21,323,338,322,336.25,1263,685985,228584704
4/30/21,323,324,315.5,320.5,198,162175,51953346.75
4/29/21,327,331,312,320,505,308509,99409307.25
4/28/21,298,328,298,325,887,436721,139571672.3
4/27/21,305,308.5,299.25,300.5,703,371142,112155352.5
4/23/21,317.25,317.75,305.25,310.75,607,309859,96634203.25
4/22/21,330,330,315,319.75,427,217521,69726521.75
4/21/21,315,332,310,329.5,696,671766,217793527
4/20/21,341.5,348.5,312,321.5,1158,586525,193039713.8
4/19/21,346.5,355,336.5,341.5,602,273231,94629305.75
4/16/21,356,356,333,346.5,1676,1017231,349791743.8
4/15/21,335,364,335,357.25,1777,1320759,463388382
4/12/21,329.75,340,329.25,332.5,706,448855,149905455.5
4/9/21,327,340,322,327.25,1388,645294,214264227
4/8/21,305,325,300,323,1158,684730,216112908.5
4/7/21,300,308,297,304.5,759,743979,224028805
4/6/21,303,305,297,298.25,576,364193,109007200.5
4/5/21,303,304,295.5,297.5,243,96332,28844491.5
4/1/21,298.75,303,292.5,295.75,289,351911,105367962
3/31/21,296,300,289,292,191,68217,19897486
3/30/21,299,305,291.5,292.5,165,54384,16089993.75
3/29/21,305,305,292,293.75,158,65005,19165469.75
3/26/21,295,299,288,296.5,276,295365,88233338
3/25/21,306,310,293,297,557,236326,71506766.75
3/24/21,280,307.75,280,302.5,582,247059,73750776.75
3/23/21,290,292,275.25,288.5,216,143505,40094058.5
3/22/21,278,294,275,287,370,164640,46980596
3/19/21,289,289,273,275.75,689,316598,87767223
3/18/21,295.5,298,285,286.75,557,268402,77775424.5
3/17/21,310,310,295,296,322,105735,31593217.25
3/16/21,305,305,289.25,302.5,985,619768,183715595.3
3/15/21,320,320,303,304.75,588,164160,50384198.75
3/12/21,326.5,327,315,315.5,358,280158,89294259
3/10/21,329,329,310,315.75,310,73790,23336415.75
3/9/21,331,348,319,321.25,1288,845453,283470637.5
3/8/21,312,330,301.5,328,1007,815181,264301171.3
3/5/21,299.75,310,285,306.75,1042,526938,158683666.8
3/4/21,332,338,296,300.5,1388,1835592,554863835.8
3/3/21,350,350,315,330,936,736388,243031692.5
3/2/21,360,360,344,349.25,551,251037,87686379
3/1/21,367,375.25,356.25,359.5,256,83401,30399477.25
2/25/21,372,378,352,365,520,209038,76461997.75
2/24/21,351,375,351,357.5,742,695192,249773705.3
2/23/21,389,389,350.25,364,840,575112,209642329.3
2/22/21,405,405,373,376.75,1163,491398,189006802
2/19/21,410,418,370,407.25,2657,1527778,613113731.8
2/18/21,359.75,412,340,387.75,2149,1580704,593888534.8
2/17/21,351,359.75,300,342,1781,1372828,457938355
2/16/21,415,415,350,354.75,2789,1967550,729705692.3
2/15/21,455,480,425,434.5,1596,1235492,553388755.8
2/12/21,415,445,390,430.75,1390,1168714,496974295.8
2/11/21,417.5,424.75,325,397.5,1241,1051038,404695147
2/10/21,425,437.75,402,407.75,1170,756690,316728670.3
2/9/21,440,440,404,422.75,1419,1166384,484547364
2/8/21,480,480,430,440.25,1178,666508,298684415
2/5/21,489,495,465,469.75,1116,681854,324505678.3
2/3/21,481,510,460,485.75,2042,1837371,898256968
2/2/21,515,525,392.5,466.5,1681,1815660,890265427
2/1/21,510,545,485,503.75,2339,2699110,1378369721
1/29/21,550,574,498.25,512.75,3296,3984200,2137256362
1/27/21,460,521.5,455,521.25,3600,4999560,2458732106
1/26/21,385,437,363,417.25,3794,4560243,1835361300
1/25/21,395,399.5,371,381.25,3291,4260334,1641956137
1/22/21,310,351.25,305.75,351.25,3557,5410995,1787711779
1/21/21,236,289.5,235,281,2392,3012627,797512302.8
1/20/21,230,244.25,220,231.75,1313,1499331,347441791.8
1/19/21,270,270.25,225,235.5,1855,2305576,573872888.8
1/18/21,263,283.25,248.5,265.25,3093,4955508,1316464267
1/15/21,185,226.75,185,226.75,2661,5636934,1166259600
1/13/21,181,191.5,178,181.5,1541,3681331,675192763.5
1/12/21,162,171,160,165.75,783,1397385,229831281.3
1/11/21,155,161,154,160,503,1050371,166784830.3
1/8/21,160.5,164,154,155,691,1202240,190081762
1/7/21,148,158.5,145,155.1,1434,2986626,454296730.6
1/6/21,142.5,147.5,140,146.7,631,799562,115989816.6
1/5/21,140.5,143.9,139,142.7,441,684377,96591902.3
1/4/21,136,141,136,139.1,326,459626,63870117.7
12/31/20,136,137.6,134.9,135,209,122146,16552537.6
12/30/20,135.5,137,135.5,136,182,186484,25369466.3
12/28/20,137.8,137.8,135.1,135.3,88,46194,6268078.7
12/24/20,137.5,137.7,134,136.4,147,151173,20407283.7
12/23/20,135.4,137,134.8,135,305,448770,60705934
12/22/20,136.2,139,135.2,135.6,205,259033,35227377.1
12/21/20,139,139,136,136.5,229,504270,69033449
12/18/20,139.5,140,137.5,137.6,130,57772,8003453
12/17/20,142.5,145,136,136.8,668,677880,95865956.5
12/16/20,140,141.3,137.9,140.3,335,331795,46287417.9
12/15/20,140,140,137.8,138.2,208,251952,34818832.6
12/14/20,140,140.5,137.9,138.4,118,101115,14048908.9
12/11/20,142,142,136,137.6,223,142987,19719325.6
12/10/20,147,148.5,140.6,141.4,731,639943,91883948
12/9/20,139.8,146.7,136.6,142.1,1035,1443610,203581114.3
12/8/20,136.5,140,136.5,138.1,257,258220,35761621.9
12/7/20,134,136.6,133,135.8,211,210908,28445090.6
12/4/20,133,133.9,133,133.5,52,32376,4320020.7
12/3/20,134,134.5,131.5,132.1,53,50390,6700387
12/2/20,134,135.2,133,133.9,132,107646,14449064.7
12/1/20,131,134,131,132.8,176,165657,21976816.1
11/30/20,133,133,130.2,131.6,59,37704,4963828.5
11/27/20,132,135.3,132,133,84,35481,4748779.2
11/26/20,129.2,132,129,130.8,152,437331,56904310.6
11/25/20,130,130,129.1,129.5,68,25966,3356210
11/24/20,130,131,129,129.9,68,66063,8585166.3
11/23/20,130.1,131,128.4,129.1,79,23552,3043888
11/20/20,130,131.9,130,130.8,43,19769,2581364.9
11/19/20,130.1,130.5,129.8,130,57,27618,3590218.6
11/18/20,132.5,132.6,130.1,130.8,88,41340,5413840.4
11/17/20,133,133.5,131,133,74,121166,16105998.9
11/16/20,136,138,132.4,132.6,180,123955,16760123.8
11/13/20,129.9,134,129.9,133,170,167250,22274313.8
11/12/20,131.1,131.9,129,129.9,85,43167,5620069.7
11/11/20,132,132.4,130,131.3,78,67412,8815920.9
11/10/20,132.9,134,131,131.6,80,62002,8160432.5
11/9/20,136.2,136.2,130.2,132.6,177,212107,28090773.4
11/6/20,136.5,139,135,135.9,495,504493,69051524.6
11/5/20,126.2,135.9,126.2,135,665,626712,83663014.8
11/4/20,121.8,128,120,126.2,243,292807,36388283.7
11/3/20,120.1,123.2,120.1,121.8,51,17126,2081106.7
11/2/20,122,123,119.9,120,242,704674,84601332.5
10/29/20,118.1,123.5,118.1,123,75,16421,2009333.8
10/28/20,122,122.7,118,118.6,211,244965,29275419.3
10/27/20,122,122.6,119.8,120.3,71,44341,5378192.4
10/26/20,118,124,118,120.1,152,64620,7759957
10/23/20,125,127,122.4,122.6,82,43758,5442709.9
10/22/20,121.6,125,119,122.2,261,148220,18005969.1
10/21/20,128.7,132.8,121.8,122,360,168808,20823946.7
10/20/20,134.8,134.8,128.5,129.6,167,78669,10305613.4
10/19/20,133,134.8,131,132,145,65638,8727016.3
10/16/20,125.7,136.5,123,131.7,570,474590,61202934.6
10/15/20,126.5,127,124,125,132,140883,17628964.3
10/14/20,120,127.7,120,125.9,266,168956,21113348.9
10/13/20,122,122,119.5,120,323,143060,17193666.4
10/12/20,124,124,121,121.8,290,136409,16706109.5
10/9/20,124.5,124.8,122.5,123.2,286,181646,22489816.1
10/8/20,123,124.5,122,123.1,156,53011,6533897.4
10/7/20,119.7,124,119.7,120.3,381,468249,56378790.5
10/6/20,119.3,128,117.1,120.3,499,343332,41908923.4
10/5/20,129,129,120,122.6,455,316537,39081828.3
10/2/20,131,134.8,131,133,598,354061,47297085.1
9/30/20,130,133.4,128.7,129,243,173088,22371495.3
9/29/20,132.1,132.5,129.9,130.1,532,450063,58589071.5
9/28/20,133,133.3,130,132.6,428,286738,37745360
9/25/20,134,134.5,133,133.2,110,51895,6927128.3
9/24/20,135.3,135.3,133,133.2,253,117606,15734853.2
9/23/20,136,136,133.9,135,195,90918,12233378.8
9/22/20,137.5,137.8,135,135.1,227,197624,26840618.2
9/21/20,140,140,137,137.5,181,98143,13530796.1
9/18/20,136,139.9,134.3,139,342,285950,39428824.1
9/17/20,136.5,137,133.7,135,493,660493,88850057.4
9/16/20,135.6,137,135,136.1,173,120233,16360736.2
9/15/20,137.5,138.5,134.9,135.4,319,306229,41565178.8
9/14/20,138.4,138.4,136.7,137.5,166,65192,8970518.6
9/11/20,137.5,138.9,136.7,136.9,85,25125,3444643.1
9/10/20,136,139,134,136.5,504,634137,86324627.3
9/9/20,137,139.9,134.6,135.3,328,117430,15975868.7
9/8/20,137.2,138.5,136.5,137,153,225748,30921558.1
9/7/20,138.7,138.9,137,137.1,176,105699,14510274.6
9/4/20,142,142,137.9,138.7,275,149232,20705938.9
9/3/20,143.2,143.5,141.6,142,118,70722,10082705.6
9/2/20,140,143.7,139.2,142.6,294,130225,18525961.1
8/31/20,140,140,137.6,138.9,229,112571,15614711.3
8/28/20,141,141.4,136,139.7,814,530182,73141856.1
8/27/20,143.2,143.2,136.9,140.2,971,955482,133647558.5
8/26/20,150,150,138,142,2292,1702440,246264106.4
8/25/20,158,158,153,154.1,904,1238238,191910516.1
8/24/20,163,163,156.3,157.8,550,535329,85093306.6
8/21/20,165,165,158.8,159.8,687,652577,104620969.8
8/20/20,168,169,160.6,163,775,1323789,216201828.3
8/19/20,158,167.5,158,166.3,1092,892193,145422423.8
8/18/20,144.5,157,142.9,156.3,1132,973955,147656066.5
8/17/20,144,145,141,143.1,111,100175,14371236.1
8/14/20,141,144.5,140.2,143.9,198,271591,38937214
8/13/20,144.2,144.4,140.1,141.2,229,111124,15749741.7
8/12/20,143.9,146,143.9,144.1,391,881086,127636499.8
8/11/20,140,144.7,139.9,143.2,884,1223398,173131689.4
8/10/20,134,139.7,130.2,137.6,597,734650,99558864.9
8/7/20,139,139,135.7,137.6,327,634803,87145359.7
8/6/20,137,138,135.2,136.9,172,200492,27371062.8
8/5/20,137,137,134.1,135.1,134,74988,10190279
8/4/20,136,138.9,135.8,136.5,488,443634,60607904.4
7/31/20,130,135.5,129.5,133.9,441,869318,115447685.3
7/30/20,126.3,131.4,125.9,129.7,677,870499,111622125.2
7/29/20,124.5,126.4,124.5,126.2,138,497695,62499539.2
7/28/20,125,126.5,124,124.5,98,77367,9647552.2
7/27/20,125.5,126,124.5,125.3,140,424779,53249277.1
7/24/20,124.5,124.9,123.5,124.4,133,410415,50891920.9
7/23/20,124.9,125,124.2,124.5,58,29300,3648566
7/22/20,125,125.4,124,124.1,78,81752,10170729
7/21/20,125.6,125.9,123,125,81,55024,6863714.4
7/20/20,126,127,124.6,125,150,153056,19264009.3
7/17/20,125.5,127.5,125.5,125.8,198,223360,28180781.5
7/16/20,124,126,124,125.6,183,227371,28457677.8
7/15/20,125,125,120,122.8,243,263824,32467569.4
7/14/20,116,126.7,116,123.8,445,873201,108269713
7/13/20,119,122.1,111,120.1,406,539942,64777563.3
7/10/20,125,125,120,122.6,547,823905,101357060.5
7/9/20,120,126,120,125.9,165,1703974,214180546.3
7/8/20,121,122,119.8,120.1,251,216896,26157717
7/7/20,122,122.9,120,121.1,83,39240,4778461.4
7/6/20,120,123.4,119,121.6,181,79021,9603446.5
7/3/20,121.9,122,119.5,120,279,266507,32066546.8
7/2/20,123.5,123.5,121,122,227,209547,25613576.3
7/1/20,123.5,124.4,122.5,123.4,179,104825,12890069.6
6/30/20,126,126,123,123.5,203,207165,25588006.2
6/29/20,125,127,123.6,124,107,91429,11374430.5
6/26/20,124,126,122.5,125.3,620,1358660,168713159.6
6/25/20,127,127,123.8,124.4,390,443808,55344061.2
6/24/20,129,129,125,126.5,266,348940,44077979.2
6/23/20,131,132.5,125,128.9,546,567671,73810454.3
6/22/20,124,130,124,129.4,640,825617,105400208.9
6/19/20,122.1,124.9,121,123.3,334,454157,56081917.5
6/18/20,124,126.5,122,123.1,495,511004,63394286.1
6/17/20,119.9,123,119,122,706,1672697,202592291.2
6/16/20,120,121.5,119.2,119.7,422,475404,57065596.8
6/15/20,120,121,117,118.6,933,7895662,926941372.8
6/12/20,118.5,120.6,116.8,119.9,650,4349046,511108328.7
6/11/20,118.5,120.5,116.6,117.1,545,3258168,381963247.3
6/10/20,112.1,118.5,112,115.4,981,4465005,506338278.5
6/9/20,115,115,111.5,112,113,69247,7766618.3
6/8/20,114.9,114.9,110.7,112.6,45,21531,2415257.5
6/4/20,114,114,110.6,111,42,9162,1017428.7
6/3/20,112,114,110.8,111.1,63,16408,1822311.2
6/2/20,114.8,114.8,110.6,113.4,14,4327,489066.8
6/1/20,114.6,114.7,110,112.4,76,16223,1808740.8
5/29/20,115,119.8,113.5,114.6,233,231677,26808433.9
5/28/20,113,115.3,111.2,114.2,121,76301,8630039.6
5/27/20,112,115,109.8,112.3,93,36928,4093339
5/26/20,116.9,117,112,112.1,141,45524,5179269.2
5/22/20,118,122,111.2,114.8,231,501537,57723368.9
5/21/20,108,118,108,115,262,147732,16649437.4
5/20/20,106,110,101.1,104.8,147,150325,15742423.8
5/19/20,107,116,101,105,273,206079,21922978.2
5/18/20,95,105,93,99.5,217,295142,27913537.2
5/15/20,100,103,93.5,94.2,183,72724,6886484.2
5/14/20,100,100.1,93.5,96.4,156,168991,16575478.1
5/13/20,90.1,100,90.1,96.8,119,99983,9769660.8
5/12/20,90,90,86.1,88.2,156,115569,10212085.3
5/11/20,90,90.1,90,90,23,55121,4961890
3/20/20,99.4,99.4,88,90.8,105,117224,10546638.1
3/13/20,110,110,95,103.9,265,156109,15797242.4
3/12/20,122,122,105,112.3,107,72350,8179381.3
3/11/20,116,124,116,120.2,44,17036,2035777
3/10/20,121,121,113.8,118,113,81449,9601688.4
3/6/20,126.7,126.7,122.1,122.6,84,36823,4552425.4
3/5/20,130,132,125,126.4,86,48943,6172058.7
3/4/20,132,132,128.1,129,44,35252,4584156.8
3/3/20,135.9,138,133,133.5,72,19806,2668555.7
3/2/20,131.5,135.8,130,134.7,52,12963,1726411
2/28/20,133,136,129.2,129.9,92,29224,3813194.2
2/27/20,134.7,140,131.3,133,85,132072,17523100.8
2/26/20,135,138,131.1,131.7,119,27942,3719829.4
2/25/20,143,143,135.5,136.4,110,30493,4229054.1
2/24/20,143.6,144,141.3,142.4,41,5757,826205.6
2/20/20,147.8,147.8,143.6,144,17,5223,752263.6
2/19/20,148,148,143.7,145.3,120,12732,1873885.1
2/18/20,143,144.7,142.5,142.9,52,8455,1209377.4
2/17/20,146.3,148.9,143,143.7,203,56870,8268558.4
2/14/20,147.5,147.5,145.1,145.2,30,10047,1459488.9
2/13/20,144.1,147.8,144.1,147.1,77,22689,3308222.4
2/12/20,146.2,146.4,142.2,144.1,34,6330,915216.4
2/11/20,146.6,147,145.7,146.1,71,8298,1214976.3
2/10/20,149.9,149.9,147.5,147.8,41,5596,829205.4
2/7/20,149.9,150.5,149,150,53,7412,1108483.3
2/6/20,152.4,152.4,150,150.2,91,35649,5397691.2
2/5/20,152,153.3,152,152.1,60,18944,2881796.5
2/3/20,153.3,153.4,152,152.1,62,23720,3611895.8
1/31/20,154,155,153.3,153.8,46,10858,1676562.6
1/30/20,158,158,153.1,153.5,50,12185,1899914.6
1/29/20,152,157.3,152,156.9,123,49671,7714707.8
1/28/20,152.1,152.5,151.1,152,84,101673,15452965.2
1/27/20,157,157,152,153.3,130,57068,8713366.1
1/24/20,160,160,155,155.4,68,11497,1798366.8
1/23/20,158.5,160,158.3,159,84,97679,15540327.5
1/22/20,160,160.5,158.3,158.6,76,154703,24622072.5
1/21/20,159.2,160,159,159.5,46,26787,4277530.2
1/20/20,160,161.8,159,159.1,47,17160,2742117.1
1/17/20,159.1,162,159.1,160,62,17893,2874032.4
1/16/20,162.3,162.3,159,160,57,19319,3087344.2
1/14/20,165,165,161,161,35,3628,585490.7
1/13/20,169.5,169.9,160.2,161,214,94515,15665649
1/9/20,158,169.5,158,165.8,364,157709,26011173.1
1/8/20,166.8,166.8,151,155.4,368,137817,21500883.3
1/7/20,175,178,163,164.9,591,306427,51464031.6
1/6/20,172,173,167.6,169,238,122575,20729959.6
1/3/20,170,178.5,165.1,170.3,1052,716272,122840302.3
1/2/20,180.6,182.6,165,169.7,932,404781,68575386.3
12/31/19,185,194.9,175.9,177.5,2352,1731020,317917087.3
12/30/19,150,182.1,150,179,2240,1400539,237309288.5
12/27/19,127.1,148.9,127.1,145.7,1217,1062380,149307019.9
12/26/19,126.1,132,126.1,129,30,7785,996395.8
12/24/19,127.5,127.8,126.1,127,5,980,123978
12/23/19,128,128,126,126,9,995,126562
12/20/19,128,128,125.3,126.7,20,34961,4428295.5
12/19/19,125,127.9,125,127.3,22,6453,816617.3
12/18/19,124.8,126.5,124.7,125,12,2420,302183.5
12/17/19,126.1,126.1,123.5,125.2,29,4656,582082.6
12/16/19,128,129,126.3,126.7,91,33488,4285795.6
12/13/19,129,133.9,127.6,128.1,225,87381,11346656.9
12/12/19,116.8,129,116.8,127.7,421,327956,41246223.9
12/10/19,114.5,114.5,114,114,21,12559,1434227.5
12/9/19,117,117.9,117,117.8,2,130,15318
12/6/19,113.3,113.3,113.3,113.3,2,500,56650
12/5/19,117.3,117.3,117,117,4,540,63192
12/4/19,115.2,117.3,114,116.1,22,14824,1704104.6
12/3/19,115,115.1,115,115,7,350,40263.5
12/2/19,117.5,117.5,117.5,117.5,3,1000,117500
11/29/19,114,117.5,114,117.5,10,1599,187642
11/28/19,115,117.5,114,117.5,10,6102,706117
11/27/19,119.4,119.4,119.4,113.7,1,8,955.2
11/26/19,118.7,118.7,113.6,113.7,8,1101,125668.5
11/25/19,119.7,119.7,117,117,4,201,23787
11/22/19,117.5,119.8,117,117.4,16,3657,429470.5
11/21/19,119,121,117.6,117.6,7,1463,172797
11/20/19,119.1,120,119,119.8,10,31660,3798040.3
11/19/19,122,122,119,121.8,3,399,48361
11/18/19,120,123,120,122.7,38,62779,7592495.2
11/15/19,119,119,116,119,17,10251,1204827
11/14/19,118,118.1,118,118.1,4,1210,142900
11/13/19,118,118,117.9,118,4,2200,259510
11/8/19,121,121,117,117,13,3073,364899.5
11/7/19,120,120,118,118,6,2280,269118
11/6/19,120,120,118,118,7,2628,312546.8
11/5/19,120,120,117.5,117.8,8,2451,288947.5
11/4/19,119,120,118,119.7,15,3394,405772
11/1/19,120,123.8,119,120.3,42,17461,2097613.5
10/31/19,119.9,120,119.5,120,19,6905,828215.5
10/30/19,118.9,118.9,118.9,118.9,5,2514,298914.6
10/29/19,120,120,115.5,119.7,28,9796,1151611.7
10/28/19,114,117.8,113,117.4,24,9222,1078745.7
10/25/19,117,117,114.1,115.2,14,6612,758297.1
10/24/19,114.2,114.5,114,114.5,9,440,50309.6
10/23/19,117.5,117.5,114,115,36,15349,1771774.4
10/22/19,116,118,114,114.3,83,53993,6209916.9
10/21/19,122.9,122.9,115.7,116,74,50412,5926545.5
10/18/19,123.9,124,118,118.4,82,87838,10568811.3
10/17/19,122,124.9,120,121.4,71,92641,11307752
10/16/19,124.9,124.9,118.1,118.1,51,51249,6125653.5
10/15/19,124.1,127.5,120,120.8,52,97821,11769689.6
10/14/19,128.9,129,124.1,125.1,60,45465,5715578.9
10/11/19,123.5,129.8,123.5,129.5,22,2589,334775.9
10/10/19,125,125,122,124.2,10,6001,747588
10/9/19,127,128,123,127.5,42,25382,3225504
10/8/19,127,127,123,123,8,2149,264923
10/7/19,125,127,120.2,120.3,9,515,63343
10/4/19,120.4,125,120.2,125,9,1924,236961.2
10/3/19,123.2,127,123,123.2,22,86047,10716860
10/2/19,125,125,121.1,121.1,2,113,13723.3
10/1/19,126,126,120.1,125,10,5250,655144
9/30/19,124.1,126.9,124.1,124.1,3,1001,124226.9
9/26/19,127,127,125,126.1,5,200,25309.9
9/25/19,125,127,124.5,125,33,51981,6497240
9/24/19,126.9,126.9,122.2,122.2,3,186,22733.9
9/23/19,125.2,127.4,125,125,10,13610,1701865.6
9/20/19,125.2,125.2,125.2,125.2,1,100,12520
9/19/19,126,126,126,126,1,1000,126000
9/18/19,125.5,128,125.1,128,5,755,94863.5
9/17/19,126.4,126.4,126.3,126.4,2,458,57888.7
9/16/19,127.2,129.5,127.2,129,9,276,35611.9
9/12/19,129.4,129.4,126.4,126.5,18,20607,2616917.3
9/11/19,127,127.1,127,127,11,6965,884855
9/10/19,128,128,127,128,3,1035,132445
9/9/19,125.1,130,125.1,129.8,41,112012,14537379.4
9/6/19,125,126,123,125,19,9036,1128570
9/5/19,126,127,125,126,17,23452,2940018.7
9/4/19,128,128,126,126.8,16,4885,622652
9/3/19,129,130,128.9,129,32,26150,3374791
9/2/19,130,131,128,128,42,49793,6456584.4
8/30/19,125.5,130,125,129.3,115,99320,12734704.2
8/29/19,122.1,126,122.1,124.9,13,2399,299122
8/28/19,125.5,125.5,125,125,6,5092,636500.5
8/27/19,125.6,126,125,125,11,940,117587.3
8/26/19,126,126,125.6,125.9,12,953,119878.2
8/23/19,128,129.9,125.7,128,18,12716,1628639.5
8/22/19,129,129,128.1,128.9,10,1446,186477.5
8/21/19,128,131,128,128.6,140,80952,10494134
8/20/19,126.8,127,124,125.6,55,81315,10205840
8/19/19,127,127,123,123.3,4,880,110360
8/16/19,127,127.9,125,125,25,25006,3155730.5
8/15/19,126.9,129.8,126,126,46,46262,5868828.8
8/13/19,125,127,125,125,43,62002,7759800
8/9/19,124,125.5,121,125,26,45896,5715829.5
8/8/19,123,124,122,122.8,10,1806,222536
8/7/19,123,125.9,120.3,123.1,40,8646,1074529.4
8/6/19,127,127,120,125,28,27075,3383808.8
8/5/19,124,128,123.1,127.2,130,84514,10628378.5
8/2/19,110,125,110,123.2,211,124047,14951405.9
8/1/19,109,114.8,108,110.3,53,44763,4944462.7
7/31/19,107.5,109,105,105.2,23,8266,869755
7/30/19,105.5,109.8,103.6,106.3,36,59176,6277711.8
7/29/19,102,105.5,102,104.4,16,25012,2612757
7/26/19,104,105,101.5,104.2,20,4838,501550.3
7/25/19,104.9,105,101,102.4,22,16995,1743798
7/24/19,102,102,101.5,101.6,24,21739,2207248
7/23/19,100.3,104,100.2,102.5,10,2731,279989
7/22/19,102.1,103.7,100.5,101,11,2977,299864.2
7/19/19,103.5,103.7,103.5,103.7,6,3999,414324.7
7/18/19,104,107,104,104,20,5443,571397.6
7/17/19,103.9,105.3,102.5,103.8,27,13203,1374919.8
7/15/19,103.5,104.4,103.5,104,9,3067,318965.8
7/12/19,102,105,101.5,102.7,15,2510,258195.5
7/11/19,97.1,104.9,97.1,102.1,55,33278,3331527.8
7/10/19,95,100,95,96.3,44,7199,703715.8
7/9/19,93.8,95,93.3,95,29,2180,205902.8
7/8/19,90.1,94.4,90.1,93.2,14,3016,275142.6
7/5/19,93.3,93.8,91.1,93.6,24,3514,328849.2
7/4/19,93.2,93.3,93.2,93.3,2,107,9978.1
7/3/19,91,93.8,90.3,90.3,13,440,40083.5
7/2/19,91.3,92,90,91.9,9,229,20968.3
7/1/19,91,91.3,90.5,91.3,6,187,17017
6/28/19,91,91,90,91,4,485,44084
6/27/19,90,91.3,90,91.1,5,3680,333089.8
6/25/19,90,90.4,90,90,6,1112,100080.4
6/24/19,89.6,90,89.6,90,3,5025,452240
6/21/19,90,90,89.6,89.7,2,608,54556.8
6/20/19,92.5,92.5,90,90,2,112,10082.5
6/19/19,91.5,92,90,91.4,12,2063,186693.2
6/18/19,89.7,90,89.7,89.7,8,611,54840.1
6/17/19,89.6,90,89.6,90,5,230,20689
6/14/19,90,90,90,90,6,900,81000
6/13/19,90,91,90,91,13,1800,163000
6/12/19,90,93.4,89,90,13,5379,483898.1
6/11/19,90,90,88.6,88.7,9,1917,172140
6/10/19,90,90,90,90,5,709,63810
6/7/19,91.9,91.9,91.9,91.9,2,300,27570
6/6/19,92,92,91.5,91.9,12,432,39698.9
6/4/19,89.9,89.9,88.4,88.6,22,4000,356459.2
6/3/19,90,90,88.6,89.5,10,736,65759.4
5/31/19,89,89,89,89,2,520,46280
5/30/19,90,90,88.9,90,2,601,54088.9
5/29/19,90,90,90,90,7,165,14850
5/28/19,90,90,88.2,89.5,16,3500,314938.8
5/27/19,88.2,88.2,88,88,6,4827,424898.6
5/24/19,89,89,88.5,88.5,3,327,28995.5
5/23/19,89.5,89.5,89.5,89.5,4,182,16289
5/22/19,90,90,88,88,14,4451,394890
5/21/19,88.5,90,88.5,89.3,11,1002473,90220244.5
5/17/19,88,88.5,88,88,9,10114,890034.5
5/16/19,89.5,89.5,87.5,87.5,8,745,65225.8
5/15/19,87.5,92,87.5,88,30,22328,1965254.9
5/14/19,87.5,88.6,87.5,87.5,15,16138,1412987.6
5/13/19,90,92.5,87.5,87.5,7,10688,935410.8
5/10/19,88.5,94.5,87.1,87.5,14,11017,969776.5
5/9/19,87.2,88,86.2,86.6,8,1842,159849.4
5/8/19,88.6,88.6,86.2,87,4,1172,101655.2
5/7/19,88.3,88.7,86.2,86.6,10,4281,371129.5
5/6/19,88.5,88.5,86,86.1,14,17340,1493067.2
5/3/19,89.5,89.5,86,86.1,8,613,53097.6
5/2/19,90,90,86,86.4,10,3508,303010.6
4/30/19,89.5,90,89.5,89.9,4,211,18933.9
4/29/19,86,89.5,86,89.5,5,326,29117.5
4/26/19,89.5,89.5,89.5,86.1,1,1,89.5
4/25/19,87,87,86,86.1,18,11659,1003339
4/24/19,87,87,86,86.1,11,3340,287491.3
4/23/19,88,88,88,88,14,5344,470272
4/18/19,90.2,93.9,90,90,15,12257,1103436.1
4/17/19,94,98.1,94,95.7,16,259,24785.5
4/16/19,94,94,94,90,3,75,7050
4/12/19,90.1,90.1,90,90,15,28000,2520265
4/11/19,90,94.9,90,90,23,39704,3573378.4
4/10/19,90,94.9,90,90,26,39220,3529852.3
4/9/19,90,90,90,90,9,7006,630540
4/8/19,92,95,90,90,13,30459,2741530
4/4/19,94.8,95,92,94.9,4,1504,142768
4/3/19,90,90,90,90,5,20200,1818000
4/2/19,89,92,88.8,90,35,436893,39319728.9
4/1/19,88.9,90.7,88.8,90.7,6,1145,103698.5
3/29/19,90,90,88.8,88.9,5,636,56650
3/28/19,90,90.7,90,90,3,901,81090.7
3/26/19,89,90.7,88.8,88.8,7,4983,442561.3
3/25/19,89,90,88.8,88.8,4,405,35987.6
3/22/19,90,93,89,89.7,4,152,13632
3/19/19,92.8,95,92.8,90,4,37,3457
3/18/19,90,90.2,90,90,10,1269,114214.4
3/15/19,93.5,93,93,93.5,1,10,930
3/14/19,93.5,95,90,93.5,10,339,31693
3/13/19,90,92,90,90,8,1634,147104
3/12/19,92,92,92,92,3,112,10304
3/11/19,94.2,96.6,94,94.2,6,313,29869.8
3/8/19,96.8,96.8,96.8,96.8,1,300,29040
3/7/19,97,99,96.7,97,10,5741,557463.6
3/6/19,96.5,100,95,96.5,38,26589,2590320
3/5/19,96.7,99.4,94.4,96.7,78,38576,3695035.2
3/1/19,94.8,97.1,89,94.8,50,23009,2165232.9
2/28/19,89,90.5,88.2,89,16,9245,822672
2/27/19,88.5,90.5,88.5,88.5,33,25221,2242918
2/26/19,93.8,94.5,89,93.8,14,460,43159.5
2/25/19,90.1,94.5,88.1,90.1,30,13331,1200933
2/22/19,89,91,87.2,89,8,3812628,343131454.3
2/21/19,87.8,89,87.5,87.8,5,199,17478
2/20/19,88,88,88,88,10,4803,422664
2/18/19,87.8,90,87.8,87.8,11,2300,202510
2/15/19,91,94.9,91,91,9,4263,388754.8
2/14/19,92.8,93,91,92.8,20,55786,5084464.5
2/13/19,91.5,91.5,90,91.5,7,1225,111394
2/12/19,89,91.5,89,89,7,6427,584810.5
2/11/19,91,91.2,91,91,10,5809,528660.8
2/8/19,91.1,91.2,91,91.1,8,7092,645790.4
2/7/19,91.2,91.2,91.2,91.2,1,110,10032
2/6/19,91.2,91.2,91.2,91.2,2,119,10852.8
2/5/19,91.1,91.2,90.9,91.1,2,109,9933.3
2/1/19,91.2,91.5,91.2,91.2,3,111,10123.5
1/31/19,91.5,91.5,89,91.5,5,510,46001
1/30/19,89.2,90,89,89.2,5,382,34129
1/29/19,91.8,92.9,89,91.8,3,133,12178.4
1/28/19,94,89,89,94,1,85,7565
1/25/19,94,95,88,94,9,405,37541
1/24/19,88,89,88,88,8,1289,113569.8
1/23/19,89.8,90,88.5,89.8,3,113,10146
1/22/19,88,89,88,88,13,278215,24483052
1/21/19,88.6,91.9,88,88.6,9,2471,218908.4
1/18/19,88.5,92,88.5,88.5,8,716,63876
1/17/19,88.5,88.6,88.5,88.5,6,9470,838102
1/16/19,88.5,89,88.5,88.5,8,4681,414338
1/14/19,88.5,89,88.5,88.5,5,11401,1009194.5
1/11/19,88.1,89,88,88.1,23,56432,4969403.6
1/10/19,88.7,89,88,88.7,5,1612,142968
1/9/19,88.7,89.1,88.7,88.7,8,5017,445166.6
1/8/19,88.9,90.5,88.7,88.9,4,2731,242727.5
1/7/19,88.7,89,88.7,88.7,8,3311,294285.7
1/4/19,89,89,89,89,2,122,10858
1/3/19,89,89,89,89,2,122,10858
1/2/19,88.6,88.7,88.6,88.6,2,300,26591.3
